0.415468936978757;0.522017729698728;2.0099274945217;-0.925848419891795;-0.087408868281787;-1.6149138135016;0.51080780984162;-0.101778227545497;1.0075866859622;-0.557410875209181
-0.654768851858015;0.397046092297073;1.41667066085807;0.005321689794854;-0.347820318259741;2.24606514978483;-0.656273624380464;1.61815114170313;0.113520280110208;0.677017656847446
-0.826896170717965;0.61316735813327;1.02963195672281;1.3927263873598;0.190227981828088;0.16991492669282;0.911869827842534;2.79327072018072;0.131977237232651;2.57783500786149
1.53592246511016;1.42161554136937;2.95237346046334;0.122038433872436;-0.467050668668504;0.878221260433197;1.00802927442394;2.10262054421466;1.92815957986049;1.08954774114144
1.69286471543664;2.08770585526875;1.45902353194084;1.14894542920965;0.89610376259828;0.357408943461712;3.53179561500313;0.674152544438449;1.69731676338298;0.327016265485918
0.312450244919258;-1.249331898444;0.600688069531718;2.53187809545981;0.177086608104651;0.92105003344287;-0.223243057666795;0.417185079183951;0.954849656545009;1.93189345672283
-0.296348315406598;-0.48281084031905;0.01148066555454;1.13914949095078;0.993962534155598;0.739281132309719;-0.12501677594865;-0.847229882649861;0.730050867444302;0.849297440422057
-1.49691887644755;-0.231497194486117;-0.939049321080533;0.427361247541929;0.42843617302381;-2.06764536263329;-0.530466700307261;-0.575883176712822;-0.98351178051884;0.469307182589951
1.31757575644042;2.80448013956929;0.774615356653308;1.53184776119981;1.42498141556926;2.22811276969363;-0.071750606547083;1.75158723665857;1.19121114083889;0.642109604561287
-0.904834447327702;0.613385212333465;-1.73890838801446;0.181032149310173;-1.00418528016197;-1.1545505814043;0.105586399266945;-0.075913128368549;0.052031556718054;-0.239781704489258
-0.404181545031202;1.68285053633205;0.016970971569062;0.657479738708321;-0.632687876663077;-0.107191878127395;1.1283504066274;-0.132471592177733;0.877599372594727;0.920985453809901
-0.725798166048959;0.568393573839513;0.219159093583546;0.584245605925614;-1.04570999122494;-1.71287908652886;0.742478041095634;1.43930966613682;1.01414104094213;-0.906881378407088
1.16284234012427;0.367939620568095;0.719717057126769;0.240332884188705;-0.85468437242697;0.468634164816117;1.24605864541318;0.136265682337728;0.371237041658925;1.20210165139922
-0.866485025359611;-1.2060292542489;1.04582061013608;-1.61645129547965;0.505707009458752;-0.459894542126372;1.1436031545189;2.03126291502473;-0.084348410786797;0.14444060627547
-0.421846780441972;0.43306038896324;-0.950982653969911;0.01877435206098;0.331953721396756;1.09100010337293;-0.914714245055425;-0.978201610050233;-1.85353157634621;1.3964090281818
-0.942666324280616;-0.09212074849975;0.794797422861683;-0.425960758296183;-1.63541252268811;-0.163880256756727;0.179801671924433;-0.64102366799238;-1.09682070985933;-0.189698759604886
1.34188371725795;-0.2440549379654;0.071429809887408;-2.03402726516439;-1.90684020531619;-0.067240470244335;-0.983347820200851;0.520475669516038;0.218627627525169;-0.843835890826002
-0.988434712294864;-0.219188663046641;-0.773686902272389;-1.32855255183639;-0.040398721042498;-1.00159245598463;0.384828570751979;-0.380699996153992;0.794245850720322;1.94343804984731
1.81794268764347;-0.879766716388638;0.774161843596113;-0.319885618861164;0.697193329646415;-0.555661447134641;0.32569763223967;1.99285194124338;0.463124194931491;-0.246921540574881
-0.374436606507962;-0.320804325089082;0.265654717978835;0.825430464554896;0.16880257548867;-1.351556342522;1.29631036855968;1.63587024814945;-0.612630024220403;0.441619155865907
-1.45174071991738;-0.784415293755632;-0.235105530923257;-0.229292809268995;-1.54379632573123;0.364211322734809;1.09922948349201;0.559018891329504;2.24439981063933;-0.803611484220362
-0.618681807567465;-0.364962527939069;1.8772922249592;0.262250813294937;-1.5518023941417;-0.45220760497853;0.653223048749175;0.563637584407024;0.07234760835936;0.287609432704476
2.15911590583064;2.3164582071966;2.30672456257814;1.34798414070475;1.8585750887924;0.713895199455247;0.949388522702123;-0.070875579948147;0.143386793347142;1.87625036548899
0.934500962295567;0.117270572393548;0.609239402441208;-0.8979795447228;0.867077803619383;0.78336596988606;-0.50507338727141;-0.338396621324276;0.865514396302755;0.467018093753898
1.05592925649271;0.174339688771479;-0.110273879003159;-2.15730270605985;-0.145372990423397;1.23723664787976;-0.475993806983387;0.763647371585355;-0.415696466595698;0.004561609561917
0.160227276748647;-0.215656413043175;0.27745747157804;0.093916756488965;-0.386241663817012;1.07719818143346;-2.05156142183125;1.12744234603729;-1.11493810592624;0.326090358603265
0.287400320243155;-0.152611479624619;0.087045914472355;-0.95118146485156;1.3162041123628;-0.034841123603739;-0.448304537939442;0.141571167263054;0.685252427932931;1.20458671653349
0.63290557704124;0.033688219863536;0.173593051437428;1.17258993043935;-0.796464226593885;-0.503987333962698;-1.55119653486097;1.92813410297015;1.03767321527948;-1.40411583207086
-1.45904186908361;0.458282205499795;0.453591153371088;1.7350958663698;0.135441371885595;-1.22401897480879;0.929825778469471;0.670637909553334;1.82221152843106;0.205563555454331
1.1283880586636;2.55159205849066;0.715624865132766;0.302197299974911;1.30639365064811;0.77239434506381;0.269849374699831;0.644763201317829;0.611287260332241;1.80794833148177
-0.581709725467177;1.2816312208808;-0.603518030988294;-0.371696045350843;0.417806430208596;0.118509082787498;0.901939971858984;-0.110111236999403;-0.528988493076756;-1.99119578942207
-1.83014932210345;0.620090051558262;-0.797023927995844;1.19286412868397;0.8198796459637;0.959473500735373;0.138287449053724;0.370962258011913;-1.62796673299559;0.02840893391827
2.03945813330173;-0.468908103506765;0.208289510163428;3.01931477334605;-0.111561752552538;1.67452316858737;1.32698712579826;1.95587957188773;2.02850845026398;-0.603333923667636
-0.449103079849422;-0.286673862460466;0.360648897493697;0.953648026213912;-0.854353379120009;-0.340930438594071;-0.378407758501552;1.09659469334834;1.61730243170781;1.93051540875233
0.88322885869547;1.17693835608697;1.24061888824691;-0.793699534065739;0.682759278108074;2.03684000012563;1.7529909132822;1.15928165205792;0.760279678627112;-1.36205187289514
0.351703089895751;4.4662599143917;0.905354016165073;0.340492447589794;1.83786265384768;0.850537477095578;-0.153721546509132;1.24494180763252;0.548377233243763;0.298299891991197
0.962018795112361;0.785373275554968;1.79323467780775;1.77145333795768;3.42646531057117;0.682918656088478;0.592132950221623;2.12474967716706;0.02073277897035;2.65190327586567
0.800675181227886;1.48628256341972;1.95943952846312;0.179658903862456;0.648910558199832;1.93359467369858;-0.287906431181145;1.2346279182982;-0.133447286077673;1.23507284401303
0.949274703601312;0.59801571425122;1.8850916773415;-1.41504453500076;0.357318588185117;-0.173318330984157;0.143064257386029;-0.39816310715508;0.26413674191525;0.941136788326655
1.88166987201569;1.33088511992298;2.08710281851145;1.0178881818206;2.38196183894815;1.72328408900203;1.08357768708271;-0.138562479228662;1.02212089266426;0.848247219733432
0.943855929093067;2.26790208092984;1.64716871464528;1.65453522349782;0.139344537799694;1.48818481335515;1.16379930050532;1.84209363848844;2.0402394941907;0.844111389828763
0.158761130612601;2.09051420554461;1.63255017014916;2.25769876644798;1.20689047369599;4.26619872763886;1.68257471353353;1.47634183615422;2.23148408823401;2.03816471192414
0.845156161913958;0.053549389664198;2.90327632266187;0.072920009455066;0.792502762094367;1.03170075779403;-0.086367615234438;0.911610310434743;1.56017942137085;1.33048379115604
2.18859467046427;0.561500856389305;-0.160025537230879;0.83012233379874;1.34025703517903;1.3412749345354;1.29749237848031;0.586964371112308;0.690961330147335;1.47580662732647
0.58509272076415;1.34322067226553;0.652690737079072;0.528327512396859;0.501887854874489;0.916469011117301;0.856691744410371;0.455416692934519;0.632395915913058;-1.09050181603996
0.341383237488604;0.941596618053489;-0.695064657415468;0.885766510769212;-0.421394665962219;1.6164210910016;2.3919536602122;0.975993314045115;1.36563336471709;0.825965181302149
1.98399066809865;3.53497468773507;1.91938605903626;1.36948689226932;0.72922584642715;0.475000806081894;1.30674737332861;0.199486342793411;1.93743869985487;1.01918817346093
1.10122749455856;1.4386454377602;1.02153121685527;0.381384721460254;1.43966310981035;2.00770674116118;0.462815798216731;0.487809634560809;1.97424370180574;0.13997265656147
0.717441409444788;-0.24553267535311;-0.3068218306528;-0.033356318047636;2.74846655587521;0.616300507674839;1.60503866642016;-0.085462551288503;-1.12714618565917;-0.006924451301872
2.28782860567075;-1.78073717512705;-1.01272396093639;0.26111776353955;-1.51297699352819;0.863919369587695;1.34911605429135;2.37328741115302;-0.559175859035221;-0.338241647272311
0.637294175879861;1.4375177179985;0.700659666257267;1.80011512393201;0.493856227920022;2.82910223666155;0.771067757349192;-0.4866753735726;-1.11892398398602;0.97705055764867
0.26117216817488;0.162324004812941;-0.721015843425774;1.42669605233436;0.815651767496498;1.08528806863747;0.463779597639507;0.481358109324521;0.953535257526224;0.397682737132703
-0.479842410229943;-0.307502616024754;1.183431871122;0.527669244800431;1.40199900996503;0.93167527528065;2.43902127211766;0.306770948854414;0.033219095144913;1.86990178671279
1.1533717494724;1.79414271542165;0.740267703290771;1.2759517804441;1.53922824127475;0.43653459315463;0.488900312035121;1.57765177687753;0.528750976086942;0.429187541252224
0.1667276633497;-2.34723922894497;-0.238545507981061;0.522994534336934;0.4339790327736;-1.41691416697625;-0.448442111350954;-0.473921019935258;-0.808845156537362;0.528265783681366
-2.15649075169974;-1.71359529882238;-0.484014811281357;0.67678684276322;-0.229767733464022;0.199951958615036;0.168411320921666;0.946340858418248;1.16100428559655;1.05689959434016
0.682982528139019;0.802736210554393;-0.354788946478882;1.98422709914624;0.266406782154039;0.526425941729769;-0.606835447260107;2.45496696222187;2.73522743843698;2.30467950286294
1.31891825240305;1.64915281625448;-0.15744200050999;1.99310743691037;0.731628010659336;-0.703534519904276;0.798756978039981;2.03548484983897;0.222469866345962;0.957355772483454
-0.456546587946866;0.16852572784033;0.238013640215166;1.66820912252854;1.87059842771459;0.946279951583513;2.14350341027786;2.04682348584571;-0.683797410210165;1.89553076964886
2.32183450188479;1.89595406000116;0.749700412825595;0.935001575725018;1.33076051889907;0.118655934000711;1.66329108088833;1.67621054385192;1.17702710270408;3.28485603512573
1.68939930742667;-0.237127260967104;-0.327344521688306;0.674395657593846;-0.827086376299091;0.195826852819803;-1.12049669501273;0.818161575866987;0.59210526914654;0.014740616602442
1.48720393755109;-0.813486420428254;-0.648763085360877;0.379901365901108;-0.347896678886684;2.25589143370857;1.16408436577093;1.54659460980062;0.875522461039656;1.06682738211398
-0.566626249146573;2.56668345394797;0.818009382730489;1.22410426712306;2.54787178522742;1.15584155053998;2.78540550916262;1.74998867419155;0.584445143989656;2.49458944410977
1.28228074709257;-0.619625814831921;0.475517983984108;0.678398959398352;-0.831982615393436;-0.151132402938184;0.40073090756309;1.58897088443884;0.242747664484533;1.61476126691229
2.05705962894953;1.8465006645587;1.61568722972018;0.533863805016292;0.383363254407132;1.05493268070644;0.412288522634709;0.270161024213823;1.87945826353503;-0.072464243759395
-0.582630964347252;-0.720160379657291;-0.130004891142355;-0.31257971946397;0.497899500583305;0.892784163034419;0.739062644702988;0.526011997212057;0.240477484679373;-0.815854961856177
0.412422203420702;1.11015483625554;0.623325729132609;0.66791311961273;0.301429037693489;2.39855244274348;1.25903630775329;1.83320244545995;1.566128105289;2.82334463278911
0.222614480633598;0.040657173632182;-0.594353281657677;0.379243765636361;2.3156261033445;-0.364190188083625;0.900044704629629;-2.46519755266207;-0.82150039884702;-1.99775912436652
0.779451472862399;-0.658981428583564;-0.443766910105021;-2.25289823488435;-0.793825701652537;-0.82618868856036;-1.53121827215908;-0.852527942564522;0.993112126213196;-0.748191408314749
0.384707157585715;-0.630515032828478;-1.32252964774282;-1.16835069664321;0.540959569281976;0.276011305268776;0.504620786866477;0.51173541276048;0.346394724518109;-0.199304020638472
0.696366922883312;0.60962509118126;-0.859521166222044;1.20196562169025;-0.559061357111602;0.459797300972681;-0.86421464593895;0.257774911374407;-0.261133527366552;-0.372760077970442
1.30222161793239;-0.161101528416231;0.301964730413982;1.9248148067206;-0.423595084129533;-0.775648376513758;0.128166484522086;-0.198550442498681;1.37591699162958;-0.208429152511796
-0.112715559173794;0.782334970498853;-1.41300117247607;-0.660738591146436;1.97656605832667;-0.217506670385249;-0.376554951987101;1.96244739500166;-0.184712905087978;-0.847371160164792
1.21946238842098;0.60246429743807;1.3041224300302;2.44702552049463;0.89036763936089;1.32965406194296;0.212083466732313;1.6187734761365;0.723046172396198;0.934608404641008
0.121798898487663;1.25429431104049;2.10107991908192;1.59583210748862;0.897287891067977;-0.057902771151068;0.655660259931322;0.167587363110565;1.35009852609261;0.673163671800177
-1.86139975927085;2.20778943607426;0.553392028962171;3.05327055626149;0.677283395642592;0.356630839054398;1.64761709108629;0.029505188798288;0.708692842533004;-0.149150700949833
1.53555529658525;-0.033541612699914;0.533287751231842;-0.52925034167209;0.16041261315958;1.25844079003757;3.05412674418054;0.546489203889999;1.18607806210943;-0.308041707119745
-0.038823700928052;2.4365843580758;-0.515985900361916;0.327559040044413;0.544660375289434;0.796122967431404;0.788010405046767;1.40631490892524;-0.101734999578756;1.33723804312817
0.657962690097983;2.29514675428588;-0.435820647911688;1.02268757520163;-0.660551005361702;1.89169430401487;1.79894174703009;-0.302707505216534;1.5765994503691;1.64638296305919
0.402141145263959;3.76812303334221;0.022283891448787;1.09528481010995;4.01248657298612;0.163377589294621;-0.071077460569652;1.01597479824651;1.33965726682057;-0.389203545551916
0.088088629112916;0.302407416537707;-1.08509809672172;1.50812707914556;-0.137905557777941;-1.51802256788581;0.298205641496955;0.496833731924583;-0.887043143828039;-1.61631725794785
1.4189127084103;0.504652850607635;1.60589459951488;2.61452633513284;2.50084046291411;1.55314824537458;0.794844510704788;2.11065917773863;0.327172900180574;-0.340682600507041
0.310319279226291;1.46876552442186;0.886345475254178;1.50127317194764;0.641008374589124;2.45840931889532;0.445556895099828;0.750626108010237;0.462986314813224;2.12887202282034
-0.789655973216349;0.058319853888638;-0.707158590760918;-0.888908957861213;0.619875635750664;-1.07491703238596;-0.163741836804853;0.082830562275525;0.74137709730535;-0.491817594931569
1.42296061879913;-0.574133962393711;-0.301654545754811;-0.959284630503597;-0.005582783444906;-3.07216573397201;0.606732545534466;-1.54847786497645;1.39220787088793;-0.969301567007431
0.006331684129616;-0.195212401051107;-1.20044050380044;-0.492719304254721;1.1071992454242;0.521407188625719;1.63449867890992;1.86315963313024;2.47390028937627;-0.474107920526903
0.686480847833935;-0.050531277525559;-0.019362266242742;0.441056579174584;-0.185590108437143;-0.991023626475556;-0.623493724316681;0.134026621818908;0.503919242690866;-0.66616382519409
1.67119104129094;0.342703112843992;1.76456155098979;0.676159788909316;0.885120670548419;0.144917821243392;0.707056901282822;1.49570163338674;-0.040157753445199;1.00169612954747
-0.854933633648374;-1.75577504072859;0.340370564189367;-0.204764248303628;-1.1214178125119;-0.253125737503332;-1.35010016594322;-1.54600257382621;-0.82248055383057;0.478374683115003
1.15089746051902;-0.716957242274325;1.669897455435;1.55421661009628;1.35890114621944;0.007877383365971;2.18023198111923;1.16203749310054;1.99728432473694;1.37968389214047
0.008681115164868;2.4705191041064;1.37578368877547;1.64244345530012;0.987862645484305;0.98830058280236;1.37739506453176;2.21182098411518;0.973946051404257;0.098668371513021
-1.07523531747808;-0.257357623581956;-0.96323098219904;-0.977806928725783;0.246449516399111;1.00926526235896;-1.16224097904506;0.433282396191631;0.200981870646342;-1.04105813301215
1.83682994774833;1.69413726560036;1.76665281417315;1.18262511447638;0.429640239002302;1.6269107347819;1.99157435763539;0.841684418631992;0.343000803951202;0.803205657201069
1.47450897023527;0.489303013325358;2.52347184460744;-1.0274763751347;1.93403476950694;1.00149921701048;1.60345188444795;1.29297103613962;1.67774561632724;1.30694150890577
-0.090967251193631;0.749541885371127;1.11392258598057;-1.57294658745839;1.56103723018519;0.051012053097211;-0.944279201431552;0.102954219987465;-1.00705252750908;-0.820659090657572
2.25216585476992;1.11338738332087;1.57682419380353;2.02308094200517;-0.13831679352901;0.183673262432077;0.207113878089836;3.46771439834832;0.489165866488634;1.16745667762849
0.10737734433934;0.770192852335985;1.42597301612077;-2.4915418173561;2.95723819452661;1.11514753619814;1.93081805262035;2.14623376776158;1.44600462862977;2.78807879297342
-0.252771832938988;-0.570764308999752;-1.5861054260241;-0.370261565518122;-1.19662171456272;-0.440432791010793;-0.671210939873945;-0.570346099876642;-0.613171560234073;0.10112960601311
0.104725770631628;-0.461732840019318;0.957069029452362;1.1094896351683;-0.763229470378747;1.2070686648655;-0.35038833449603;0.066156885502138;2.51663460964456;0.375917553195624
1.19482381863413;0.494233375953117;-0.391794659025427;-0.221145466215718;-0.242345277992204;-0.848469411304335;0.57668116986182;0.493062156693751;-0.658963390849518;1.08398253686458
0.606063709364258;0.991440438825251;-1.48468622298009;-0.535212822136925;1.0048281634425;-0.240370839253825;-2.08577008776204;-0.707513213507977;-0.833229327511956;-1.85452723738297
1.31332592752611;-1.88233613993966;-0.242263011241213;-0.551331475391031;0.676665670153484;0.555438190867408;1.79978947648513;2.11979205516191;1.93775627721337;0.850039080916813
0.540514429162091;1.07714011343418;-0.344627168171879;-0.261972173055425;-1.92012580512738;0.602929436161534;0.235963883578039;-1.34802503597085;0.378179296887144;1.79975278578809
1.66703316126887;0.95253239247063;0.495048328524865;0.644889087163542;1.87259219265566;-0.12048974268421;1.59963742144227;0.075773261252978;0.839837319721087;1.83221504999321
1.82811655230354;0.537534049638109;1.32585131081521;2.3985574807153;1.11791539067019;1.43535796262228;2.10042887873631;1.00990696002293;0.886161879769634;1.94809110445363
-1.4449394192149;0.776841798206994;-1.32391590572996;-1.09541491865986;0.6254457794608;-1.51625365102634;-0.778421350000272;-1.7543015309362;-1.11534259600817;-0.878374305578532
-0.96769380770726;-2.25984035153099;-0.574834950835001;0.549233489827528;0.752960417782594;-0.068348502281427;1.09956194539538;-0.363808954647374;0.667241351746617;0.647732726433212
0.202051338217512;-0.564376691130426;-0.740706727609254;-2.17462056629639;0.213483683522705;0.782392865209733;-0.855564295636042;-0.627094005626121;0.795332803666102;1.04956503225249
-0.347877973085105;0.901491435092922;-1.18500187448859;0.1446146514561;-0.770234072868573;-1.42072592307485;0.00755762356315;0.440150252714052;1.03749185434765;1.32309337684571
1.00650927822732;0.423354105248875;-0.111423372662925;0.486525043170653;-0.503054794909991;1.01708863395689;-0.419741823398248;1.28936685511664;2.9371261654475;-0.97373757574836
1.29008799015537;0.394675531568292;-2.0648600364807;0.669033435302303;-0.007134652528743;0.669365130823024;-0.937585768802114;-1.50264112890915;-0.020431192602677;-0.517358965637975
0.764107802863278;0.154031640497209;1.46818432410916;2.91717964312337;1.92183521978273;0.637014371138111;0.796363906372472;1.87000304507312;0.829201193995542;0.608121345469938
1.34115381887992;0.004854423718912;0.565059812252813;-0.84882915975792;0.093186524777435;0.683236637724419;-0.681559682509183;-0.208235444349971;0.618953085869227;0.024314949711056
1.65282109495284;-0.817235514100335;1.32261287619132;1.77841056354149;1.16324491314838;0.3687625239203;1.01791306719684;0.602738210305893;1.3011685353373;0.323288774059474
2.96453251156114;0.478269385564554;1.10002143762124;0.753544889856214;0.185329161176702;0.49967501537269;1.10035143937113;1.53785777743182;1.32598868570471;0.983979011595568
1.88458417347577;1.16143587804733;1.30143458082097;0.096468346109236;1.40371008860722;0.132806826829925;1.87635660485298;2.76973668985555;1.92483666529761;1.51517478741641
1.08453695707615;-0.061810874867908;1.02382363758205;0.504097741840586;1.75615740753492;-0.040093156614957;1.70069420761874;-0.905484994837415;1.21529122994739;1.44482965259867
-0.580797689400443;0.436918628028167;2.00014236659301;-0.057090119192941;0.935251207390719;-0.882136223226941;-0.260139430391064;-1.50512545958323;1.80306351071647;-0.162366873553542
0.875135601991687;1.13007271999667;2.22332772023387;0.291786264353796;0.663517921831603;-1.50450875547991;-0.228795364308812;1.80974082267486;0.052993311292562;-0.605661086067383
1.39544988693277;0.153770741090754;-0.492177585883521;-0.614618540132659;-0.350232666735205;0.433139398845963;-0.524812993989912;-0.116972567751873;-0.177890086834182;0.271709764009016
0.425485938741511;1.45049373922111;0.977945265803658;1.3744947861513;3.18443968219233;2.26543147184901;1.65201577008612;-0.076748122662667;1.36624930619914;2.14089831538374
0.320985221953096;-0.758627156743334;-0.046002934495398;-0.01364318856706;1.61987743935497;0.808255713437515;1.12831851475534;1.22620898517007;1.77248256195541;0.358643412179061
1.62338245841983;-0.180163097123277;-0.465747005835051;0.412113496148595;-0.050833096481613;0.578937985821923;0.550139249522149;0.494943144464081;-2.50880361308089;-0.352315122780687
1.06243330910872;-0.20778958610798;0.075947432125663;-0.937149595361607;-0.812697070766603;0.762849125807182;1.85514736069923;0.908594854357714;-0.456589185359234;0.13235992819972
1.49975063074341;0.727201926776194;0.991242071247945;-1.37053209918113;0.906217456343082;0.758542142459189;1.17853038905362;2.19494089392475;1.32215090634829;1.44768101003089
0.214105238034589;0.896745287933842;-0.918769644159625;0.835157036407438;-0.438419934696927;-1.1821270339454;-0.277298794530625;-1.15421883476858;2.43037753693738;2.67358177719941
0.515895517388149;0.898545649265142;1.92945513114991;1.61506200767496;0.705793911016677;-0.729031416902581;2.67601040055534;0.706051543206447;3.68900349951988;1.31544024474921
1.23844563564853;-0.429105947928667;0.909567687965052;1.27946498182624;0.495194405628345;0.511759116352047;0.674902559351337;0.961822189696585;1.87606886622292;1.94559153178412
0.876803201965984;0.412307702040531;-1.91946652982324;1.09453846090965;0.858609994635494;0.583847690104213;1.06663077087253;1.25755551743134;-0.471454085898714;-0.007566075444541
0.194407011291077;0.547519687229463;-0.036443143010309;0.321180732968874;0.195215935238338;-0.580009681883967;-2.09923885099037;1.45253241673925;-0.560328491148323;0.710302936661393
1.77824819147493;0.235590561308621;-1.64114578749155;1.81886508825827;-0.926999012199443;2.06038432430823;1.10114783402735;1.923934566343;0.123509986531526;1.42866310663115
-0.414892159767676;0.14783504354896;-1.22512571743544;0.015112838544051;0.888862153882707;-0.561367189192347;0.638483769418353;-2.0768114851631;-1.22646737376364;-0.462539362812897
1.9242729318959;1.41013754331199;0.513850007700405;3.04750654205106;1.52138066717758;0.461846028289974;0.42330777118215;3.22306114540209;-0.217446994004939;-0.324606927854135
1.58813791429357;0.210067250939508;1.19596962207353;0.676255648829517;-1.05441117384062;2.77733767442684;0.938471890220423;-0.30189540829378;-0.614839707037815;1.10982152011726
0.358458734395179;-0.362267155363552;-1.90243431779427;-1.16449254121656;0.06922182103925;-1.55589648185878;0.371465456657102;-0.176488004066557;0.792950363598215;-0.527877900600111
0.036222668044123;0.061141295020601;2.37424855083501;0.494840747422342;2.48682132029734;1.10020845629523;-0.374179299914121;-0.652082191475747;-2.10994043184427;-0.345787066904499
-0.364631168089117;0.216705550520381;-0.23334571375784;-1.21584898482425;-1.6656431178815;0.175058301901179;0.695348326151247;0.15653380369264;-0.799395126005953;0.564557773734366
1.77101956701827;-1.39812241311775;0.403880739292361;1.59078797675859;-0.415927944852021;1.00361131033307;0.877628740871287;-0.850225794307347;0.566975092899232;-0.801539144002075
2.3779342772046;1.16163712936933;1.9597222072498;0.019457707065143;0.730162488009245;0.220481207977658;1.72558776291264;0.091009159157341;2.84008049170251;-0.654721863488238
2.85120493279698;2.97790399736349;2.38032437973048;2.17963417048002;0.724967942012785;0.247028076853346;-0.227341829112011;0.922499830433951;0.18107424342671;2.110672170457
-0.897664767444681;1.79526642730976;0.058536362043774;1.89458275318719;1.84514475283814;-0.033133372662835;1.1909305960958;1.00051044731993;1.99213557479753;-1.10786174285362
-0.778684179107815;2.03736673316936;1.76086810439697;0.857069376944931;-1.77118143773627;2.16383851849648;0.265181622900094;1.10685544233219;1.53381778799157;0.450163066185218
0.221273067715513;0.178870372986261;1.19246859933815;0.52647504859555;-0.084224606470895;1.51100817427897;1.03360564858667;0.279045918708163;-0.00144289886256;-1.85294678516823
2.73037758486803;0.927584218205604;-1.68475884854101;0.264818591763603;0.089251947507489;-1.13723903031577;0.41979132036965;0.597093730506104;0.623924666254747;0.053216017453187
-0.296165383347162;-0.11017793570906;0.413148529949933;-0.393597890579412;1.45614720047535;0.643018393161373;0.601069227881256;0.24471670780635;0.126440831034675;-0.436415217054889
0.077358763393266;3.36032996494344;1.23792044791238;0.406529470675584;1.91807490872273;0.419893936614582;1.78838452121477;0.687535466162825;-0.526727116323326;1.09426074458213
0.564295551934993;1.572397878773;0.501745219289013;-2.17631003833625;0.219453518638082;-0.012760044056032;-0.674018313717089;-0.118346511075084;0.68086779418754;0.280007472266163
-0.997927083627562;2.17539509969254;0.791626540558957;1.24891719832759;0.480745656187978;1.41730238785307;-0.965382233849714;2.219646681461;3.02285918507085;0.961780200268401
1.58262066304722;0.560490613996136;0.083064345164233;-1.19565443202559;-0.114877251919321;0.91425972500937;-1.09517845690237;-1.28940788194516;-1.28741591386074;0.084605887180948
2.72923012321038;-0.420344605627487;0.157798051973368;0.365328392431846;0.068602469483099;1.10769457603403;-0.267616725685838;0.057563641728834;0.218084852524728;0.72911905956814
0.642899942277311;1.39774042613656;1.02473919924094;-0.129782344211279;-0.293012166248219;-0.648125021196841;-0.95552421447918;0.090438607313233;1.55229595044112;2.88292735226128
0.663599240111178;2.95124871677449;0.97190889639409;1.06609461451745;0.991281907325067;0.427324544891273;2.62429352795395;1.20397663415969;2.82014240762686;1.05546068405018
0.303564280841044;-0.153945389665798;-0.527942514299507;2.41244305717062;0.751494856970101;0.82047146146629;0.186550371901307;-0.520932887272464;-1.5665670736958;0.900753095645828
-0.790258478597882;-0.275198593421559;0.723060699828803;0.740247220579396;-0.689427057923177;-0.817611832254945;0.950944671830087;-1.27902689177965;0.783281930836874;-1.32563829453186
1.25042600478725;0.095343635794822;1.14035912822009;0.362075405654343;1.23335268086435;1.65923204167785;0.850579938044403;1.98974744662264;1.34264448640063;0.386109858532275
1.28616190117018;0.317847808433453;1.23758618267376;0.180692353428799;0.575804300703217;-0.280401597771372;-0.968268111806596;1.37519957632698;1.17956148619538;1.58701660934481
0.313831431887567;3.0182915767099;0.328451274445182;1.96795352166875;-0.469448675931749;1.05012405017622;-0.686137502625381;0.377873790918308;-0.01931825832071;-0.20670890764052
0.803380232506624;0.241120454779083;-0.849941652073993;0.30974638860737;0.450813584524417;-0.126485221105211;-0.790518736896563;-0.0562272315001;-0.31056990872157;-1.52457882848501
-1.31990270235869;0.754686393744638;-0.79638405083321;-0.541987183113314;-1.56502465785673;0.264142905788656;-0.489477981932457;-0.209680283172198;0.655324411572857;0.50243333306286
-0.273845759626558;-0.291909899784922;0.725337571127987;0.122283184138499;-0.078795923662429;3.15852807293036;2.97447387060198;0.192101558519392;-0.537467359670747;0.3063914256495
0.186685512255505;1.45434317836119;-0.045000018387675;1.03034900985058;2.20642031613296;1.54840293762028;0.913078311266205;1.12055499370957;1.03759946511528;1.54533053610114
0.271866921602583;0.458445379977201;1.6865444769816;0.96227933277006;-0.941791969061035;1.22661722851171;-0.62258535687151;0.992332288990974;0.32864340325321;-0.939160465318661
1.79340255885188;0.957895820180977;1.96576664186646;2.35109652382173;1.19734222147388;2.77844671267249;1.3073860910712;0.682603957345098;1.13712330183306;1.25093038380485
0.618054746048666;1.45816730424159;0.780243479408303;-0.086374262712591;0.293124470827358;1.64108717450748;1.33754561291418;0.40031614689489;-0.521052261942725;0.607252532646962
1.48955350778608;1.75528863174444;-0.386394169497248;-0.253974843323265;-0.652861505816215;2.32063532135348;1.92030299011263;0.576244193778696;1.05407197142897;1.23740212643015
-0.371204170162981;0.735855863968494;2.41453585769559;1.24026503907117;2.21636725971669;1.94670337846871;2.06699175999453;2.35315391147971;0.981081546781573;0.377958072006845
1.01030745442555;0.708014852648347;0.075813344073105;-0.046181278795029;1.36717042086536;0.645745005642966;1.33294151954504;0.80233234550557;1.16324667777786;-0.190476705647282
1.20413204574798;0.613201856408648;0.405859180092583;1.618717644686;-0.267515562845859;0.421182825334764;0.926516348694279;0.421998039386076;0.278849321405442;-0.878466650645507
0.58897449367546;0.446007067007349;2.42127545144958;2.30503420789013;1.62105007065534;1.05647331711404;2.04775683297043;0.244030495957528;1.41060335903043;0.575991589569696
1.43714152478982;0.931490591541562;-0.505078413652473;1.89175598926363;0.282529239916988;0.414497860639019;0.96114892675132;1.30578377155815;-1.97969931915418;0.033011914555032
-0.027561396560498;0.825264441429846;0.408073894625228;-1.22025413722763;-1.12507904298537;0.211831566780286;-0.557803164624111;-0.729305831865504;-1.86738818458719;0.123568318221231
0.923931315126527;-0.814807133947271;1.07235614186139;-0.376237143988673;-0.988974087143185;0.613166891702506;-0.10655515156564;-0.864574687578243;-1.83235567102535;0.273939379550766
1.66356117934431;0.056272071570421;2.40760764670967;2.02349108136837;-0.795454596391235;0.106677306630795;3.05886288679082;1.12119893048934;-0.212631093134711;1.77724193428519
1.22578213943444;0.940151817351117;-0.029000755483433;-1.11538245061725;-0.057839477251512;2.12207787049126;1.02669335025195;-0.495841382461541;0.426255308388379;0.286073999747732
0.787156886868423;0.42531522989386;1.20651223140111;1.68172886731967;1.15154448144891;1.77582876845974;0.759475712824188;-0.646158890969259;1.1053921922475;2.58463967076435
0.955965428987665;2.44185529943168;2.34111130590248;1.00870927542449;1.41126406820435;1.96249561934659;2.03847518385023;1.19289749523707;0.394903946443432;0.111688678412379
1.45818182285672;1.23552672977171;2.33271657412604;1.33427332832736;1.07049778620993;2.26078405724357;0.492774706262382;-0.289769583368817;1.42179462270978;3.14082953751304
0.558582621191568;2.02137655041072;-0.284894703916312;0.452587236812093;-0.933026603724223;0.892081484134747;-0.483079703640608;0.600151040407251;0.637191057112846;0.307821878976212
-0.054946722277343;0.860169467057555;2.61837589094326;-0.65098434299889;1.81872201382173;0.422842452388486;0.89351208767328;1.77540304541521;0.125884824406489;1.09929734814898
0.844415740494173;0.918448896940752;1.66164376811692;1.89279327847999;2.26175710906169;1.52563260373403;1.2452639365579;1.92214998346038;1.93159389172313;2.43497843381854
1.12914786325199;2.25824675195836;1.22734644227018;0.49294445006708;2.16734286458427;2.15195969555778;1.14579303235613;2.54453584631769;1.60004206119844;2.23340116951301
1.50942832759754;2.46853400199602;0.774423869279425;0.670208850576098;0.429670005121975;1.85837886330121;-0.118085415425053;-0.009562263464578;1.57136068806308;0.24235546148405
0.96987647050568;1.03294085603923;0.034006562693723;1.16835379824897;0.606102428421908;1.94557619934023;0.403058858731877;1.85670637844642;1.68511019181688;1.73857814372805
-0.321280419965793;-0.534204178984686;0.967982891147789;0.052429148777223;-1.51585876104897;-0.527776960816186;-0.215161246502892;-0.094920991406576;0.848592115140136;0.75416580828241
0.661124886150418;0.242551659062315;0.270145532752676;-1.95393370060853;-2.22851047687315;1.24160125135253;0.473489692098451;1.38321391556811;0.405187260061682;1.52449750573379
1.91529393853916;-0.100647949072058;-0.634406535588807;0.565420571160198;-0.151521678303304;-0.157630682812523;1.36564095839248;1.30368137352944;-0.702456036560007;-0.261975762255704
0.542635050319962;2.69247814529552;1.09501786101195;3.53674003013888;-0.017434018191645;2.50613043331793;0.320511847540789;1.3252865403389;2.00942054012069;-0.114361234748041
1.59633562576647;1.47572855838826;0.74326749910491;3.29362666140545;1.25020587164633;1.29533794457078;1.95505444921838;2.252438757521;1.99087071687128;-0.705869083967675
0.886471554311362;1.3685302184177;3.31013140547252;-0.3186609174592;1.25212480896481;2.20409693529496;0.869199458143088;1.22015858409385;1.03369053335512;1.66116234935155
0.156759609817161;-1.62504844947823;0.62976318032837;0.077794462400278;1.16274436560636;-1.3736017845936;-1.63780371606913;-0.125812180556037;1.49904602128464;-1.73068350777295
1.80702441544111;3.19200072423306;1.19005972205311;0.525865265959778;0.228521094727828;0.98815419391519;1.6494041778706;1.81519668336117;0.549729969233257;-0.72964201415856
0.910197260418622;2.53568510486071;0.82659600597483;1.98738199301704;1.91954545836069;1.78950035348253;1.59851503842871;2.13942219810028;0.889343722457604;-1.13807351182231
0.993707874787953;1.90726021532291;0.985971176924237;-1.07302643233928;1.85215754844978;-0.403582205462484;0.807499444411157;0.588289044106042;2.23785873625678;0.939952334926728
-0.300536457944019;-1.51442315230212;-0.079233753951589;0.080701187626323;-0.181936286155354;0.870838154717908;2.02372886496699;-0.596873784956023;0.137794865730364;1.01346429999008
0.908139328558113;1.40225958235528;0.387261686386886;2.24402611998341;1.65712618971085;2.54210605249637;-0.980798935151881;0.538934902138769;-0.197860101933018;2.38569070747131
0.078761717816879;0.461617999032924;3.07179994416733;0.684760419050186;0.246535659576796;-0.774906782861655;1.36293827017799;-0.329048615039735;0.435606074469221;2.21781585495821
0.0730484667676;0.884784511694042;1.63702408533375;2.39929399893433;-0.338501825721383;1.20565653844734;1.70394959898681;0.912499818018269;2.04330861023617;-0.495050826285467
-0.500034777469846;1.02618939255219;1.37694916561229;0.794707809437465;-0.233953540330954;-1.56853330214118;0.777789285588373;-1.52064632561286;-1.58682139990345;-0.927736098446299
0.716471380571449;-0.758127475958909;-1.40821248993324;1.04368893647872;-1.04673406988337;-1.84425289591556;-0.548901923229815;0.6718416006635;-1.01914551483764;1.24368028622358
1.33728872704226;2.07834478911285;0.141231683307765;0.802184648027535;1.58331887778704;0.288409809703686;-0.126011360116434;0.022844290056117;-1.38523374102593;-0.58948869758589
0.038779327247859;2.82200005530299;1.07489393279647;0.120118604565874;1.65222508388382;0.653790091106162;0.247403055032393;1.35544598527119;1.84600172472295;1.03728310002007
2.12567994685694;-2.2219866052103;1.28971939494037;-0.468824364835627;-0.249413421524592;-0.950911127513204;0.299580407299929;-1.17778858625395;0.954886430307147;1.49148173478654
2.78482983886684;-1.02150665806026;2.12326719319063;0.077527544647927;2.44721667524889;-0.158982844124021;0.983082529407953;0.256861272225554;0.504463803624657;1.80287087161418
0.799811013783716;0.363022539276769;0.966872062173392;3.31440289853133;-0.290125974033266;1.33582633596224;0.558335818227549;1.0720306843042;0.793182287435064;1.97385358798511
1.94041165428626;0.811196775839892;0.902252294585798;1.58801320409374;-1.20818920004586;1.33224306048862;2.70133480041681;0.643596639381113;0.844203836923022;2.5607338555401
0.054045784437604;0.448763638516243;-0.494936298659302;-0.046592374326595;1.29401900835506;-0.910732094067988;0.296171184009223;-0.334578164099747;-0.60112031937096;-0.805978094714268
0.163035918032164;0.000626115407104;-0.624824952346629;0.353453034782426;0.361980137920309;-0.161949170302587;1.20078291754841;-1.8294552086079;-1.17189080414528;-1.1125990527532
1.34915633715541;1.14827504194468;0.443380106253659;0.690232365232349;2.43610811650967;2.41120936103881;0.969430779665264;0.568308216288744;0.724601924598128;2.58624954183865
-0.632706740469993;-0.756239309114677;-0.933634294030098;-1.25680056318429;-0.263052508703654;-0.488901765718944;1.09017282673477;0.429989596952203;-0.577110307096737;0.956939568099376
1.61199149271534;0.40432482613468;-0.278724913806186;-1.03603143787954;1.08214445191656;-0.222782007935513;-0.358703225345975;-0.173993462313665;-0.836430524453065;-1.36305158893729
2.85928030068645;-0.783880043964131;0.384500993918207;-0.032964147349872;0.938327797244094;1.13686292462991;1.20391775509546;1.77932818038192;-1.44324912715217;1.85629777741986
1.9270719731617;1.52906754795198;2.60455320959768;2.10335073389025;2.1778064543541;1.57762813405823;-0.047810227865298;1.81632457660827;0.572677157514529;-0.424483016954524
-0.226963843815712;1.72973186147393;1.768495434141;1.34210893077153;1.98551341781346;1.24308798596181;0.264629640459988;2.14830402609895;1.30906038676276;1.03970233736447
0.672760859505775;0.059865076600884;1.08693347327953;-1.26399322247932;-0.218578395542881;2.46767112550249;-0.356562597596801;-0.084959937999289;3.45157521428408;-0.379911620635432
1.891646400708;0.740713050404077;2.70435913909553;0.096714183315175;0.568121709930765;2.1305539984233;1.72858557839174;0.863877726749026;-0.46262800394627;2.23307090179518
1.28818557813052;-0.213544833572064;1.02363385533813;3.9700289502245;0.165058705702736;1.0106531610485;1.60718685421911;1.65509172769247;0.364458444090144;2.74207638193004
-0.075448724187087;-0.793852875281775;-0.200524959392692;-0.426962687763533;0.982434080192891;0.272066496438054;-0.129927630490266;1.63124241928948;0.852969530087173;0.680584962724148
3.26519543357233;2.62454966683281;1.29004281972856;0.988233704051308;1.1796801036484;1.12433369163518;0.171714615094993;-0.293461050190971;0.614527151041549;-1.00149508948738
0.952109669536234;1.37351240828992;-0.419899206293914;-0.999539068803095;2.16630242503443;2.77943113686421;3.88764428782366;2.92673998755749;0.057722450375686;1.83549699207278
-0.473237143331362;0.859783195732961;0.136741163276281;0.07766867943203;-0.111443964288855;-1.16853089383044;0.733737523775812;-1.35942802143051;0.477331178676579;0.437823622565729
-0.551864068532244;0.74910820530741;1.47527355694348;0.111984688650405;1.05598594228618;0.760527730270089;1.91913540909433;1.23325174786977;0.326226896767295;0.65718167402381
2.18424078685721;0.066869210617029;-0.883348858615109;1.7909302589606;1.29595078548944;-1.22423430692922;0.120331570316844;0.970506681969236;0.302320074946896;-0.143267546672041
0.809881106272956;-1.63938739369786;0.082537922724256;0.797263135406906;1.78129502150358;-2.09947869962566;1.13633128468824;0.143639810487295;0.415776190617897;-0.341532504600556
0.716342804277267;-2.42474991337221;-0.603874898054431;-0.442500740824704;-0.06561487573904;-0.390242630059538;-0.686773118719217;0.082603591158275;0.042974829304692;2.05781063406419
-1.00557113446361;-0.283829926302804;-0.368728264159064;-0.629091091514816;-0.255680865369883;0.664281757759034;0.471682863442773;0.716664014557957;-0.948853230057176;-0.374535035425795
0.433986613232231;1.14580629896864;-0.838170422573186;1.53379627132611;0.404638157039467;-0.702264007180178;0.288342465455934;1.1934838620052;0.541608366255458;-0.190203197452842
0.520143592624929;0.181169289545898;-0.282475041408237;2.73354038131324;0.351756753327098;0.501327534308471;1.39185483504681;-1.07106191874608;-0.821128258718891;-0.938732410611696
1.44408331203163;0.074544098490969;-0.44731903766646;0.580097602535947;-1.10004184572021;1.85799247172804;1.40578903824212;0.454977650347685;-0.924243917563315;0.52203789871524
0.088181123190467;1.09866032952291;0.011720006828189;1.69457835628344;2.23529708942021;0.121645218700939;2.91618389168942;2.03281249697223;0.887582366545913;0.110898587218628
1.04943464753872;2.68427984005199;1.94937952263197;0.837247304964059;1.00267152700952;0.238053980683513;-1.45568757699216;1.37713655481268;0.481490543427006;2.26342911736143
2.07804587481937;1.27525939974614;1.35122397454645;1.10157664166276;0.540463208179667;1.86278270252672;0.908936589602365;1.10925533383883;1.53498250393468;1.38320116483945
1.30817875998113;1.35328937939702;0.127718427302271;0.982141538559065;-1.10317659187082;1.64830514404907;0.975319953696606;0.319811704751659;1.05740789092277;0.881132640039653
-1.09224451734164;0.054250228544618;3.56986777687433;0.167439077485047;0.807511060208285;0.540313745697744;-1.3455020101611;1.31890220931254;-1.07190504844909;-0.81346236438317
1.29963854270211;-0.200375563143275;0.601872828475514;0.039672908153363;1.37392168496568;2.05809227042019;1.19993604581308;-0.765392376257833;2.06581715745119;1.41724716478537
0.802781544458217;1.16612867589187;1.25643588325918;2.17280564525544;1.24518050793503;0.366808612515181;-0.038314663187509;0.036432276516195;2.62073660987932;2.01322181242273
0.853577567057155;1.77616176392003;1.22002545273532;0.634727316712524;1.3385791978028;2.01798941829306;1.52936683425152;0.354367363044375;1.12185369472104;0.130482509446413
0.896929130221086;-0.381435403049753;-0.711440582552452;0.53658935545717;-0.078065162319935;1.17192567450096;-1.21711879771222;1.45252777815531;-0.238040879624289;0.20531952329664
-1.79898194583242;2.1282790202846;-0.205755241073359;1.1949895719774;0.269837667547897;0.952525911516173;1.10741638457829;1.61449822187434;1.24412558020828;1.68850228147538
1.39327517604536;3.4654395850331;-0.772913650493908;0.933053497348145;0.083672730096669;2.68914546929209;1.43890941353369;0.214699345208494;2.39825824307846;2.58567292540191
1.99024715265188;-0.557917218415742;0.927508357827334;0.478469863331733;2.7875531754024;2.43704449250503;0.959006592588837;1.82817619301868;0.904526666759073;2.25017884939905
-0.297632910672024;-1.06664782021846;-0.721114847368267;1.1270997610423;0.1795964708023;-1.25107830229662;1.36430917651068;1.66741700867181;1.38762274496855;0.884396492456026
-0.225794451802544;0.687753654274765;3.40753236638644;-0.478865165602679;-0.255590492307781;0.990750986531975;0.000747406191734;-1.21000314119464;-1.07409163637826;-0.583618751528597
-0.521968362037398;0.927401334521484;1.70188122942571;3.11301847393525;0.803288662146032;1.35648912961467;0.236302378389539;0.874499116815017;0.033685420914029;-0.331769731740272
1.62101130766387;1.75911144020616;-0.005467994753465;1.54128109613421;0.109856258031591;0.149758453766089;1.54952405189932;0.048771128891997;2.50918627126765;-1.34280557783255
-0.404921776549188;-1.39340730198454;1.14691785982515;-1.4126538831818;0.715113278785686;0.989378116701987;0.053494807573768;-1.07411490177333;0.869552807313267;1.70952537052387
-0.507522585123739;0.918335851560232;-0.10642682179053;0.344914726585221;1.91074861362809;0.700448960986402;0.625362379442415;1.89203999660753;1.40383074017465;0.073436665247112
-0.679402138357964;0.841526709356308;2.7905599034419;0.130471272857846;0.987734750189673;0.365751406759772;-0.659158943681607;0.870278419805506;0.577858732121763;2.12956751569551
0.527859215419956;1.42536573618701;0.787257533014092;0.974988055068974;1.0485973128636;-0.688841182918157;-2.34190519391168;-0.672560081842942;0.981051414525262;-0.390419817771038
1.78897620073039;1.00649803650128;3.16238415597624;0.761102108323612;1.07281448237808;2.62447736292239;0.689771399223899;-0.013485131404661;-0.674024135595334;0.450872470932379
0.345717639465341;-0.064607801634886;0.180722482317743;-0.575987320603133;1.93941630823769;2.24107013210744;0.380056967994156;1.25228701628749;0.312369847313391;1.2837317029365
2.2449030103169;-0.643915073449671;0.962950410268761;2.82575122802555;1.67523733838125;1.5552805424653;-0.02459118580496;1.52358532649638;-0.02718541615403;1.21277931785956
-0.292264417864981;2.58154982800312;2.96300399239219;1.20426747881543;1.78596852407999;1.70341761551501;1.50499851055803;-0.461629634603231;0.507442497812638;-1.2027632276668
0.385647526377404;1.29261414035481;0.459733629123461;-0.163395792415331;-1.13274069297792;1.4581633390878;1.04047311338742;2.86640559661051;1.34680831574327;2.25107300843901
1.24169521135515;-0.187608578322363;2.71750379274666;1.12060981864502;1.21992963720874;1.6839839901931;0.745269769805469;-1.14905203056317;1.82935247582766;3.02470501741655
1.54934914799179;2.07593673656561;1.81980828151302;-0.443518374153906;1.96628553872955;1.25128957956171;0.452264081468587;-0.635236658938121;1.15563256472114;0.961103284626654
-1.00696286411518;-0.893851157858867;-1.2781373691909;0.289718984218535;0.17754855501655;-0.856837606600554;1.24809514455416;0.736462181575454;-1.75882536913901;-0.690065363279797
1.46763431756272;-0.297371601267695;1.05552083374226;1.58234604604665;1.34999410835277;0.821496104700547;2.67659394972915;2.22401912701727;1.08371386616783;1.99858362703663
1.19145700300904;0.878229770169233;0.646874664785065;0.818534533174956;1.90181528167556;1.50772583022758;2.17300287701346;1.32517401147475;1.37461680172719;0.242666304513739
0.770195044233371;1.74077153887863;2.69314928704621;1.04200978163585;3.12118841832313;0.690100881827404;0.810938685964811;0.571086955775647;3.65320217021233;1.59614514202259
1.08902677060434;0.03776469995419;-0.584593101281239;1.16540825109215;0.153297684827984;0.048390017659747;2.80923185356508;-1.06996069280028;-0.148095957567039;-0.448220701929094
1.78487471162139;-0.363569288189157;-0.619405664233413;-0.908705616318882;-1.25432447831637;-0.664853402867584;-0.232184861775627;0.334715119526138;0.251941746175391;0.714376350099612
0.420783160076872;0.159282374377639;1.71105040498025;1.36184194605219;2.24858666522948;0.605629753885235;1.08657264313117;1.0115960887542;1.33271396827447;3.12321703216988
-0.303754520119611;0.149556482460561;0.535301045844483;0.240575037229452;-1.17280085830884;1.45274196098984;0.287032146893391;0.41188259525515;-0.610384625892835;-1.31573124828311
-0.008696631493738;-1.94451810616239;0.482987052893212;-0.654046335191623;-1.4614418150778;1.37984575214444;-0.46460448989336;0.154120187534394;0.760979810218383;0.627122095263152
0.506635026535164;1.52389489453652;0.108475083480383;1.27495453830672;-1.2442879871064;0.095136418969694;0.384317776712264;0.554570697670329;0.25442950225039;-1.33129484326068
1.48048117716683;0.650529196273842;0.367236063336205;1.85371462230483;-0.123185797447875;0.730261457668947;2.51256010128429;1.73131847340471;1.14077082843632;2.31172535943563
1.20325198868524;0.545810168063468;-0.340284725667614;-0.551190610935942;-0.155099375334764;-0.427127063983945;-0.379827523353313;-1.17284568845615;-0.152833676937382;-0.130848151759666